"model","n","r_squared","adj_r_squared","aic","bic"
"combined_within_log_products",300,0.891422335229436,0.888052683564143,-978.75826210441,-938.016654883191
"combined_within_shares",300,0.871614862600098,0.867630496266998,-928.487588814292,-887.745981593074
"controls_black_count_cv",300,0.721078071051224,0.717296078794291,-705.718403047898,-683.495708199961
"combined_simple",300,0.722175817746982,0.716486585345896,-702.901435776355,-673.271175979106
"controls_black_share_cv",300,0.654079135515785,0.649388683115999,-641.13496841949,-618.912273571553
"controls_within_raw_products",300,0.531225349096798,0.521625868190931,-545.961329131326,-516.331069334076
"controls_total_pop_cv",300,0.517473564338214,0.510930833007207,-541.287266015584,-519.064571167647
"controls",300,0.499962311849442,0.494894362307375,-532.592936915144,-514.074024541863
